"entity_type","bundle","deleted","entity_id","revision_id","language","delta","field_related_nid"
"node","text","0","62","62","und","0","47"
"node","text","0","62","62","und","1","153"
"node","text","0","63","63","und","0","75"
"node","text","0","63","63","und","1","157"
"node","text","0","67","67","und","0","70"
"node","text","0","72","72","und","0","114"
"node","text","0","72","72","und","1","152"
"node","text","0","72","72","und","2","157"
"node","text","0","74","74","und","0","443"
"node","text","0","74","74","und","1","86"
"node","text","0","74","74","und","2","243"
"node","text","0","74","74","und","3","397"
"node","text","0","74","74","und","4","391"
"node","text","0","75","75","und","0","63"
"node","text","0","80","80","und","0","84"
"node","text","0","96","96","und","0","95"
"node","text","0","96","96","und","1","147"
"node","text","0","97","97","und","0","73"
"node","link","0","108","108","und","0","52"
"node","text","0","111","111","und","0","114"
"node","text","0","111","111","und","1","157"
"node","text","0","111","111","und","2","152"
"node","text","0","114","114","und","0","116"
"node","text","0","114","114","und","1","152"
"node","text","0","114","114","und","2","157"
"node","text","0","114","114","und","3","154"
"node","text","0","114","114","und","4","186"
"node","video","0","115","115","und","0","114"
"node","video","0","115","115","und","1","116"
"node","text","0","147","147","und","0","95"
"node","text","0","147","147","und","1","96"
"node","video","0","149","149","und","0","81"
"node","text","0","150","150","und","0","52"
"node","text","0","150","150","und","1","49"
"node","video","0","152","152","und","0","154"
"node","video","0","152","152","und","1","81"
"node","video","0","152","152","und","2","149"
"node","text","0","154","154","und","0","81"
"node","text","0","154","154","und","1","152"
"node","text","0","154","441","und","0","81"
"node","text","0","154","441","und","1","152"
"node","text","0","156","156","und","0","153"
"node","video","0","157","157","und","0","114"
"node","video","0","157","157","und","1","154"
"node","text","0","166","166","und","0","167"
"node","text","0","166","166","und","1","261"
"node","text","0","166","166","und","2","249"
"node","text","0","166","166","und","3","218"
"node","text","0","167","167","und","0","166"
"node","text","0","167","167","und","1","261"
"node","text","0","167","167","und","2","249"
"node","text","0","167","167","und","3","218"
"node","video","0","173","173","und","0","48"
"node","video","0","183","183","und","0","165"
"node","link","0","184","184","und","0","154"
"node","link","0","184","184","und","1","111"
"node","text","0","185","185","und","0","25"
"node","text","0","185","185","und","1","91"
"node","text","0","186","186","und","0","154"
"node","text","0","186","186","und","1","149"
"node","text","0","186","186","und","2","81"
"node","text","0","186","186","und","3","152"
"node","text","0","186","186","und","4","184"
"node","video","0","187","187","und","0","180"
"node","video","0","188","188","und","0","109"
"node","video","0","188","188","und","1","24"
"node","video","0","188","188","und","2","37"
"node","video","0","188","188","und","3","161"
"node","text","0","189","189","und","0","80"
"node","text","0","189","189","und","1","91"
"node","text","0","189","189","und","2","25"
"node","text","0","189","189","und","3","185"
"node","text","0","200","200","und","0","75"
"node","text","0","200","200","und","1","63"
"node","text","0","201","201","und","0","195"
"node","text","0","201","201","und","1","108"
"node","video","0","204","204","und","0","173"
"node","video","0","204","204","und","1","48"
"node","link","0","205","205","und","0","73"
"node","link","0","205","205","und","1","24"
"node","link","0","205","205","und","2","85"
"node","video","0","210","210","und","0","86"
"node","video","0","211","211","und","0","210"
"node","video","0","211","211","und","1","86"
"node","text","0","212","212","und","0","210"
"node","text","0","212","212","und","1","86"
"node","text","0","212","212","und","2","25"
"node","text","0","212","212","und","3","211"
"node","text","0","212","212","und","4","80"
"node","link","0","213","213","und","0","70"
"node","link","0","213","213","und","1","67"
"node","audio","0","214","214","und","0","22"
"node","audio","0","214","214","und","1","204"
"node","text","0","218","218","und","0","154"
"node","text","0","218","218","und","1","166"
"node","text","0","218","218","und","2","167"
"node","text","0","218","218","und","3","186"
"node","text","0","224","224","und","0","212"
"node","text","0","224","224","und","1","80"
"node","text","0","228","228","und","0","67"
"node","text","0","228","228","und","1","108"
"node","text","0","228","228","und","2","88"
"node","text","0","228","228","und","3","93"
"node","text","0","233","233","und","0","111"
"node","text","0","233","233","und","1","152"
"node","text","0","233","233","und","2","184"
"node","text","0","233","233","und","3","114"
"node","link","0","234","234","und","0","73"
"node","link","0","234","234","und","1","24"
"node","text","0","235","235","und","0","186"
"node","text","0","235","235","und","1","157"
"node","text","0","235","235","und","2","111"
"node","video","0","239","239","und","0","154"
"node","video","0","239","239","und","1","152"
"node","video","0","239","239","und","2","149"
"node","video","0","239","239","und","3","186"
"node","text","0","240","240","und","0","59"
"node","text","0","242","242","und","0","63"
"node","text","0","242","242","und","1","200"
"node","text","0","242","242","und","2","75"
"node","text","0","243","243","und","0","74"
"node","text","0","247","247","und","0","228"
"node","text","0","247","247","und","1","183"
"node","text","0","248","248","und","0","114"
"node","text","0","248","248","und","1","157"
"node","text","0","248","248","und","2","154"
"node","video","0","249","249","und","0","166"
"node","video","0","249","249","und","1","167"
"node","video","0","249","249","und","2","235"
"node","video","0","249","249","und","3","157"
"node","video","0","249","249","und","4","114"
"node","video","0","249","249","und","5","184"
"node","text","0","253","253","und","0","74"
"node","text","0","253","253","und","1","243"
"node","text","0","253","253","und","2","70"
"node","text","0","255","255","und","0","185"
"node","text","0","255","255","und","1","84"
"node","text","0","255","255","und","2","236"
"node","text","0","255","255","und","3","93"
"node","video","0","256","256","und","0","167"
"node","video","0","261","261","und","0","167"
"node","video","0","261","261","und","1","166"
"node","video","0","261","261","und","2","249"
"node","video","0","261","261","und","3","218"
"node","text","0","262","262","und","0","153"
"node","text","0","262","262","und","1","23"
"node","text","0","262","262","und","2","289"
"node","text","0","262","262","und","3","96"
"node","audio","0","263","263","und","0","249"
"node","audio","0","263","263","und","1","167"
"node","audio","0","263","263","und","2","166"
"node","audio","0","263","263","und","3","261"
"node","link","0","266","266","und","0","73"
"node","link","0","266","266","und","1","234"
"node","link","0","266","266","und","2","97"
"node","text","0","271","271","und","0","243"
"node","text","0","271","271","und","1","253"
"node","text","0","271","271","und","2","73"
"node","text","0","272","272","und","0","241"
"node","video","0","273","273","und","0","176"
"node","video","0","273","273","und","1","73"
"node","video","0","273","273","und","2","234"
"node","video","0","273","273","und","3","24"
"node","video","0","273","273","und","4","264"
"node","video","0","274","274","und","0","109"
"node","video","0","274","274","und","1","188"
"node","video","0","274","274","und","2","219"
"node","text","0","278","278","und","0","198"
"node","text","0","279","279","und","0","278"
"node","text","0","280","280","und","0","278"
"node","text","0","280","280","und","1","281"
"node","text","0","280","280","und","2","279"
"node","text","0","281","281","und","0","278"
"node","text","0","281","281","und","1","279"
"node","text","0","281","281","und","2","280"
"node","text","0","283","283","und","0","24"
"node","text","0","283","283","und","1","73"
"node","text","0","283","283","und","2","264"
"node","text","0","283","283","und","3","234"
"node","text","0","283","283","und","4","285"
"node","text","0","284","284","und","0","283"
"node","text","0","285","285","und","0","283"
"node","text","0","285","285","und","1","24"
"node","text","0","285","285","und","2","264"
"node","text","0","285","285","und","3","273"
"node","text","0","286","286","und","0","249"
"node","text","0","286","286","und","1","166"
"node","text","0","286","286","und","2","167"
"node","text","0","286","286","und","3","278"
"node","text","0","286","286","und","4","154"
"node","text","0","287","287","und","0","208"
"node","text","0","287","287","und","1","173"
"node","text","0","289","289","und","0","153"
"node","text","0","289","289","und","1","262"
"node","text","0","289","289","und","2","96"
"node","text","0","289","289","und","3","23"
"node","text","0","290","290","und","0","152"
"node","text","0","290","290","und","1","154"
"node","text","0","290","290","und","2","186"
"node","text","0","290","290","und","3","249"
"node","text","0","291","291","und","0","278"
"node","text","0","291","291","und","1","233"
"node","text","0","291","291","und","2","218"
"node","text","0","293","293","und","0","271"
"node","text","0","294","294","und","0","174"
"node","audio","0","295","295","und","0","204"
"node","audio","0","295","295","und","1","173"
"node","audio","0","295","295","und","2","48"
"node","text","0","296","296","und","0","236"
"node","text","0","297","297","und","0","241"
"node","text","0","297","297","und","1","283"
"node","video","0","299","299","und","0","183"
"node","video","0","299","299","und","1","153"
"node","video","0","299","299","und","2","159"
"node","text","0","300","300","und","0","247"
"node","text","0","300","300","und","1","88"
"node","text","0","301","301","und","0","247"
"node","text","0","301","301","und","1","302"
"node","text","0","302","302","und","0","247"
"node","video","0","304","304","und","0","271"
"node","video","0","304","304","und","1","74"
"node","text","0","307","307","und","0","154"
"node","text","0","307","307","und","1","286"
"node","text","0","307","307","und","2","249"
"node","text","0","307","307","und","3","218"
"node","text","0","307","307","und","4","309"
"node","text","0","308","308","und","0","304"
"node","text","0","308","308","und","1","74"
"node","text","0","308","308","und","2","271"
"node","text","0","309","309","und","0","307"
"node","text","0","309","309","und","1","235"
"node","text","0","309","309","und","2","290"
"node","text","0","313","313","und","0","154"
"node","text","0","313","313","und","1","290"
"node","text","0","313","313","und","2","184"
"node","text","0","313","313","und","3","263"
"node","text","0","313","313","und","4","249"
"node","text","0","314","314","und","0","211"
"node","text","0","314","314","und","1","212"
"node","text","0","314","314","und","2","25"
"node","text","0","314","314","und","3","91"
"node","text","0","314","314","und","4","293"
"node","text","0","315","315","und","0","232"
"node","text","0","316","316","und","0","97"
"node","text","0","316","316","und","1","273"
"node","text","0","316","316","und","2","73"
"node","text","0","316","316","und","3","234"
"node","text","0","320","320","und","0","323"
"node","text","0","320","320","und","1","322"
"node","text","0","320","320","und","2","321"
"node","text","0","321","321","und","0","320"
"node","text","0","321","321","und","1","291"
"node","text","0","321","321","und","2","154"
"node","text","0","322","322","und","0","320"
"node","text","0","322","322","und","1","321"
"node","text","0","322","322","und","2","290"
"node","text","0","322","322","und","3","249"
"node","text","0","323","323","und","0","320"
"node","text","0","323","323","und","1","321"
"node","text","0","323","323","und","2","322"
"node","text","0","323","323","und","3","249"
"node","text","0","324","324","und","0","301"
"node","text","0","324","324","und","1","302"
"node","text","0","327","327","und","0","232"
"node","text","0","327","327","und","1","315"
"node","text","0","327","327","und","2","178"
"node","text","0","327","327","und","3","330"
"node","text","0","328","328","und","0","84"
"node","text","0","328","328","und","1","296"
"node","text","0","330","330","und","0","327"
"node","text","0","330","330","und","1","315"
"node","text","0","330","330","und","2","232"
"node","text","0","331","331","und","0","273"
"node","text","0","331","331","und","1","234"
"node","text","0","331","331","und","2","178"
"node","text","0","331","331","und","3","316"
"node","text","0","332","332","und","0","93"
"node","text","0","332","332","und","1","106"
"node","text","0","338","338","und","0","278"
"node","text","0","338","338","und","1","166"
"node","text","0","338","338","und","2","189"
"node","text","0","338","338","und","3","321"
"node","text","0","338","338","und","4","323"
"node","text","0","339","339","und","0","278"
"node","text","0","340","340","und","0","93"
"node","text","0","340","340","und","1","332"
"node","text","0","341","341","und","0","306"
"node","text","0","341","341","und","1","342"
"node","video","0","342","342","und","0","341"
"node","video","0","342","342","und","1","306"
"node","link","0","343","343","und","0","218"
"node","link","0","343","343","und","1","249"
"node","link","0","343","343","und","2","263"
"node","text","0","345","345","und","0","185"
"node","text","0","345","345","und","1","195"
"node","text","0","345","345","und","2","52"
"node","text","0","346","346","und","0","200"
"node","text","0","346","346","und","1","242"
"node","text","0","347","347","und","0","153"
"node","text","0","347","347","und","1","289"
"node","text","0","347","347","und","2","96"
"node","text","0","347","347","und","3","262"
"node","link","0","349","349","und","0","215"
"node","link","0","349","349","und","1","196"
"node","text","0","351","351","und","0","154"
"node","text","0","351","351","und","1","307"
"node","text","0","351","351","und","2","248"
"node","text","0","351","351","und","3","157"
"node","text","0","351","351","und","4","290"
"node","text","0","352","352","und","0","161"
"node","text","0","352","352","und","1","86"
"node","text","0","353","353","und","0","74"
"node","text","0","353","353","und","1","271"
"node","text","0","353","353","und","2","52"
"node","text","0","354","354","und","0","339"
"node","text","0","354","354","und","1","103"
"node","text","0","354","354","und","2","323"
"node","text","0","354","354","und","3","329"
"node","text","0","355","355","und","0","351"
"node","text","0","355","355","und","1","154"
"node","text","0","355","355","und","2","81"
"node","text","0","355","355","und","3","149"
"node","text","0","358","358","und","0","339"
"node","text","0","358","358","und","1","109"
"node","text","0","358","358","und","2","70"
"node","text","0","358","358","und","3","219"
"node","text","0","359","359","und","0","242"
"node","text","0","359","359","und","1","200"
"node","text","0","359","359","und","2","180"
"node","text","0","360","360","und","0","232"
"node","text","0","360","360","und","1","315"
"node","video","0","363","363","und","0","338"
"node","video","0","363","363","und","1","321"
"node","video","0","363","363","und","2","323"
"node","video","0","363","363","und","3","249"
"node","video","0","363","363","und","4","166"
"node","text","0","364","364","und","0","93"
"node","text","0","364","364","und","1","365"
"node","text","0","364","364","und","2","366"
"node","text","0","364","364","und","3","76"
"node","text","0","364","364","und","4","332"
"node","text","0","365","365","und","0","364"
"node","text","0","365","365","und","1","93"
"node","text","0","365","365","und","2","366"
"node","text","0","366","366","und","0","365"
"node","text","0","366","366","und","1","364"
"node","text","0","366","366","und","2","93"
"node","video","0","367","367","und","0","195"
"node","text","0","371","371","und","0","338"
"node","text","0","371","371","und","1","363"
"node","text","0","371","371","und","2","278"
"node","text","0","371","371","und","3","321"
"node","text","0","372","372","und","0","174"
"node","text","0","372","372","und","1","280"
"node","text","0","372","372","und","2","364"
"node","text","0","372","372","und","3","96"
"node","text","0","373","373","und","0","167"
"node","text","0","373","373","und","1","278"
"node","text","0","373","373","und","2","307"
"node","text","0","373","373","und","3","249"
"node","text","0","374","374","und","0","154"
"node","text","0","374","374","und","1","248"
"node","text","0","374","374","und","2","290"
"node","text","0","374","374","und","3","348"
"node","text","0","377","377","und","0","96"
"node","text","0","377","377","und","1","262"
"node","text","0","377","377","und","2","95"
"node","text","0","377","377","und","3","153"
"node","text","0","377","377","und","4","289"
"node","text","0","379","379","und","0","380"
"node","text","0","379","379","und","1","24"
"node","text","0","379","379","und","2","382"
"node","text","0","379","379","und","3","381"
"node","text","0","379","379","und","4","384"
"node","text","0","379","379","und","5","101"
"node","text","0","379","379","und","6","73"
"node","text","0","379","379","und","7","205"
"node","text","0","379","379","und","8","273"
"node","text","0","380","380","und","0","379"
"node","text","0","380","380","und","1","384"
"node","text","0","380","380","und","2","382"
"node","text","0","380","380","und","3","73"
"node","text","0","380","380","und","4","381"
"node","text","0","381","381","und","0","379"
"node","text","0","381","381","und","1","380"
"node","text","0","381","381","und","2","234"
"node","text","0","381","381","und","3","382"
"node","text","0","382","382","und","0","381"
"node","text","0","382","382","und","1","379"
"node","text","0","382","382","und","2","380"
"node","text","0","382","382","und","3","73"
"node","text","0","382","382","und","4","234"
"node","text","0","382","382","und","5","264"
"node","text","0","382","382","und","6","384"
"node","text","0","383","383","und","0","234"
"node","text","0","383","383","und","1","73"
"node","text","0","383","383","und","2","382"
"node","text","0","383","383","und","3","380"
"node","text","0","383","383","und","4","24"
"node","text","0","384","384","und","0","379"
"node","text","0","384","384","und","1","380"
"node","text","0","384","384","und","2","273"
"node","text","0","384","384","und","3","97"
"node","text","0","384","384","und","4","383"
"node","text","0","384","384","und","5","381"
"node","text","0","384","384","und","6","73"
"node","text","0","386","386","und","0","339"
"node","text","0","386","386","und","1","321"
"node","text","0","386","386","und","2","364"
"node","text","0","386","386","und","3","354"
"node","text","0","386","386","und","4","329"
"node","text","0","386","386","und","5","195"
"node","text","0","386","386","und","6","301"
"node","text","0","388","388","und","0","365"
"node","text","0","388","388","und","1","364"
"node","text","0","388","388","und","2","93"
"node","text","0","388","388","und","3","332"
"node","text","0","388","388","und","4","76"
"node","text","0","388","388","und","5","340"
"node","text","0","388","548","und","0","365"
"node","text","0","388","548","und","1","364"
"node","text","0","388","548","und","2","93"
"node","text","0","388","548","und","3","332"
"node","text","0","388","548","und","4","76"
"node","text","0","388","548","und","5","340"
"node","text","0","389","389","und","0","358"
"node","text","0","389","389","und","1","109"
"node","text","0","389","389","und","2","215"
"node","text","0","389","389","und","3","219"
"node","text","0","389","389","und","4","67"
"node","text","0","390","390","und","0","105"
"node","link","0","391","391","und","0","74"
"node","link","0","391","391","und","1","271"
"node","link","0","391","391","und","2","243"
"node","text","0","394","394","und","0","397"
"node","text","0","394","394","und","1","395"
"node","text","0","394","394","und","2","249"
"node","text","0","394","394","und","3","263"
"node","text","0","395","395","und","0","185"
"node","text","0","395","395","und","1","255"
"node","text","0","396","396","und","0","363"
"node","text","0","396","396","und","1","364"
"node","text","0","396","396","und","2","374"
"node","text","0","397","397","und","0","243"
"node","text","0","397","397","und","1","271"
"node","text","0","397","397","und","2","391"
"node","text","0","397","397","und","3","74"
"node","text","0","397","397","und","4","394"
"node","text","0","398","398","und","0","373"
"node","text","0","398","398","und","1","278"
"node","text","0","401","401","und","0","365"
"node","text","0","401","401","und","1","364"
"node","text","0","401","401","und","2","388"
"node","text","0","401","401","und","3","93"
"node","text","0","401","401","und","4","396"
"node","text","0","403","403","und","0","23"
"node","text","0","403","403","und","1","262"
"node","text","0","403","403","und","2","289"
"node","text","0","403","403","und","3","404"
"node","text","0","403","403","und","4","195"
"node","text","0","404","404","und","0","189"
"node","text","0","404","404","und","1","195"
"node","text","0","405","405","und","0","37"
"node","text","0","405","405","und","1","105"
"node","text","0","405","405","und","2","391"
"node","text","0","405","405","und","3","84"
"node","text","0","406","406","und","0","80"
"node","text","0","406","406","und","1","25"
"node","text","0","406","406","und","2","212"
"node","text","0","406","406","und","3","211"
"node","text","0","406","406","und","4","211"
"node","text","0","407","407","und","0","388"
"node","text","0","407","407","und","1","340"
"node","text","0","407","407","und","2","332"
"node","text","0","407","407","und","3","365"
"node","text","0","407","407","und","4","364"
"node","video","0","408","408","und","0","404"
"node","video","0","408","408","und","1","195"
"node","video","0","408","408","und","2","403"
"node","video","0","408","408","und","3","189"
"node","text","0","412","412","und","0","389"
"node","text","0","412","412","und","1","358"
"node","text","0","413","413","und","0","215"
"node","text","0","413","413","und","1","339"
"node","text","0","413","413","und","2","109"
"node","link","0","414","414","und","0","363"
"node","link","0","414","414","und","1","374"
"node","link","0","414","414","und","2","396"
"node","text","0","415","415","und","0","80"
"node","text","0","415","415","und","1","406"
"node","text","0","417","417","und","0","96"
"node","text","0","417","417","und","1","95"
"node","text","0","417","417","und","2","147"
"node","text","0","418","418","und","0","74"
"node","text","0","418","418","und","1","271"
"node","text","0","418","418","und","2","243"
"node","text","0","418","418","und","3","391"
"node","text","0","418","418","und","4","86"
"node","text","0","419","419","und","0","359"
"node","text","0","419","419","und","1","363"
"node","text","0","419","419","und","2","154"
"node","text","0","419","419","und","3","406"
"node","text","0","420","420","und","0","103"
"node","text","0","420","420","und","1","406"
"node","text","0","420","420","und","2","365"
"node","text","0","420","420","und","3","388"
"node","text","0","420","420","und","4","401"
"node","text","0","421","421","und","0","248"
"node","text","0","421","421","und","1","154"
"node","text","0","421","421","und","2","39"
"node","text","0","421","421","und","3","157"
"node","text","0","421","421","und","4","374"
"node","text","0","424","424","und","0","215"
"node","text","0","424","424","und","1","329"
"node","text","0","424","424","und","2","103"
"node","text","0","424","424","und","3","321"
"node","text","0","424","424","und","4","321"
"node","text","0","425","425","und","0","109"
"node","text","0","425","425","und","1","396"
"node","text","0","425","425","und","2","348"
"node","text","0","425","425","und","3","363"
"node","text","0","425","425","und","4","374"
"node","text","0","426","426","und","0","154"
"node","text","0","426","426","und","1","290"
"node","text","0","426","426","und","2","248"
"node","text","0","427","427","und","0","382"
"node","text","0","427","427","und","1","407"
"node","text","0","428","428","und","0","215"
"node","text","0","428","428","und","1","339"
"node","text","0","428","428","und","2","424"
"node","text","0","433","433","und","0","365"
"node","text","0","433","433","und","1","364"
"node","text","0","433","433","und","2","401"
"node","text","0","433","433","und","3","407"
"node","text","0","433","433","und","4","388"
"node","text","0","434","434","und","0","323"
"node","text","0","434","434","und","1","339"
"node","text","0","434","434","und","2","103"
"node","text","0","434","434","und","3","424"
"node","text","0","434","434","und","4","364"
"node","text","0","434","434","und","5","386"
"node","text","0","435","435","und","0","353"
"node","text","0","435","435","und","1","358"
"node","audio","0","436","436","und","0","425"
"node","audio","0","436","436","und","1","398"
"node","audio","0","436","436","und","2","154"
"node","audio","0","436","436","und","3","351"
"node","audio","0","436","436","und","4","307"
"node","text","0","437","437","und","0","425"
"node","text","0","437","437","und","1","363"
"node","text","0","437","437","und","2","396"
"node","text","0","437","437","und","3","374"
"node","text","0","437","437","und","4","364"
"node","text","0","437","437","und","5","348"
"node","text","0","440","440","und","0","437"
"node","text","0","440","440","und","1","425"
"node","text","0","440","440","und","2","364"
"node","text","0","440","440","und","3","363"
"node","text","0","440","440","und","4","396"
"node","text","0","441","442","und","0","322"
"node","text","0","441","442","und","1","290"
"node","text","0","441","442","und","2","152"
"node","text","0","441","442","und","3","114"
"node","text","0","443","444","und","0","243"
"node","text","0","443","444","und","1","397"
"node","text","0","443","444","und","2","253"
"node","text","0","443","444","und","3","341"
"node","text","0","444","445","und","0","417"
"node","text","0","444","445","und","1","95"
"node","text","0","444","445","und","2","147"
"node","text","0","444","445","und","3","96"
"node","text","0","449","450","und","0","444"
"node","text","0","449","450","und","1","147"
"node","text","0","449","450","und","2","377"
"node","text","0","449","450","und","3","96"
"node","text","0","449","450","und","4","95"
"node","text","0","450","451","und","0","307"
"node","text","0","450","451","und","1","398"
"node","text","0","450","451","und","2","371"
"node","text","0","450","451","und","3","278"
"node","text","0","450","451","und","4","425"
"node","text","0","451","452","und","0","105"
"node","text","0","451","452","und","1","84"
"node","text","0","451","452","und","2","328"
"node","text","0","451","452","und","3","390"
"node","text","0","452","453","und","0","398"
"node","text","0","452","453","und","1","296"
"node","text","0","452","453","und","2","278"
"node","text","0","452","453","und","3","338"
"node","text","0","452","453","und","4","363"
"node","text","0","453","454","und","0","287"
"node","text","0","453","454","und","1","430"
"node","video","0","455","456","und","0","294"
"node","video","0","455","456","und","1","372"
"node","video","0","455","456","und","2","382"
"node","text","0","456","457","und","0","303"
"node","text","0","456","457","und","1","412"
"node","text","0","456","457","und","2","271"
"node","text","0","457","458","und","0","154"
"node","text","0","457","458","und","1","189"
"node","text","0","457","458","und","2","404"
"node","text","0","458","459","und","0","296"
"node","text","0","458","459","und","1","363"
"node","text","0","458","459","und","2","371"
"node","text","0","458","459","und","3","278"
"node","text","0","458","459","und","4","338"
"node","text","0","458","459","und","5","189"
"node","text","0","459","460","und","0","372"
"node","text","0","459","460","und","1","109"
"node","text","0","459","460","und","2","174"
"node","text","0","460","461","und","0","459"
"node","text","0","460","461","und","1","364"
"node","text","0","460","461","und","2","371"
"node","text","0","461","462","und","0","443"
"node","text","0","461","462","und","1","243"
"node","text","0","461","462","und","2","397"
"node","text","0","461","462","und","3","341"
"node","text","0","463","464","und","0","73"
"node","text","0","463","464","und","1","427"
"node","text","0","463","464","und","2","382"
"node","text","0","463","464","und","3","383"
"node","text","0","463","464","und","4","380"
"node","text","0","464","465","und","0","340"
"node","text","0","464","465","und","1","388"
"node","text","0","464","465","und","2","364"
"node","text","0","464","465","und","3","365"
"node","text","0","464","465","und","4","396"
"node","text","0","465","466","und","0","200"
"node","text","0","465","466","und","1","421"
"node","text","0","466","467","und","0","424"
"node","text","0","466","467","und","1","428"
"node","text","0","466","467","und","2","339"
"node","text","0","466","467","und","3","103"
"node","text","0","466","467","und","4","386"
"node","text","0","467","468","und","0","379"
"node","text","0","467","468","und","1","380"
"node","text","0","467","468","und","2","273"
"node","text","0","467","468","und","3","384"
"node","text","0","467","468","und","4","101"
"node","text","0","468","469","und","0","76"
"node","text","0","468","469","und","1","420"
"node","text","0","468","469","und","2","340"
"node","text","0","468","469","und","3","388"
"node","text","0","468","469","und","4","365"
"node","text","0","469","470","und","0","473"
"node","text","0","469","470","und","1","236"
"node","text","0","469","470","und","2","296"
"node","text","0","469","470","und","3","86"
"node","text","0","469","470","und","4","278"
"node","text","0","469","690","und","0","473"
"node","text","0","469","690","und","1","236"
"node","text","0","469","690","und","2","296"
"node","text","0","469","690","und","3","86"
"node","text","0","469","690","und","4","278"
"node","text","0","470","471","und","0","341"
"node","text","0","470","471","und","1","306"
"node","text","0","470","471","und","2","342"
"node","text","0","471","472","und","0","440"
"node","text","0","471","472","und","1","437"
"node","text","0","471","472","und","2","442"
"node","text","0","471","472","und","3","425"
"node","text","0","472","473","und","0","424"
"node","text","0","472","473","und","1","466"
"node","text","0","472","473","und","2","323"
"node","text","0","472","473","und","3","386"
"node","text","0","472","473","und","4","364"
"node","text","0","472","473","und","5","339"
"node","video","0","473","474","und","0","469"
"node","text","0","475","476","und","0","70"
"node","text","0","475","476","und","1","67"
"node","text","0","476","477","und","0","322"
"node","text","0","476","477","und","1","152"
"node","text","0","476","477","und","2","152"
"node","text","0","476","477","und","3","114"
"node","text","0","476","477","und","4","398"
"node","text","0","477","478","und","0","236"
"node","text","0","477","478","und","1","407"
"node","text","0","477","478","und","2","201"
"node","text","0","477","478","und","3","100"
"node","text","0","478","479","und","0","95"
"node","text","0","478","479","und","1","147"
"node","text","0","478","479","und","2","501"
"node","text","0","478","479","und","3","496"
"node","text","0","478","479","und","4","499"
"node","text","0","479","480","und","0","459"
"node","text","0","479","480","und","1","365"
"node","text","0","479","480","und","2","364"
"node","video","0","480","481","und","0","307"
"node","video","0","480","481","und","1","374"
"node","video","0","480","481","und","2","157"
"node","video","0","480","481","und","3","290"
"node","text","0","481","482","und","0","468"
"node","text","0","481","482","und","1","340"
"node","text","0","481","482","und","2","388"
"node","text","0","481","482","und","3","365"
"node","text","0","482","483","und","0","390"
"node","text","0","482","483","und","1","442"
"node","text","0","483","484","und","0","154"
"node","text","0","483","484","und","1","426"
"node","text","0","483","484","und","2","476"
"node","text","0","484","485","und","0","198"
"node","text","0","484","485","und","1","388"
"node","text","0","484","485","und","2","407"
"node","text","0","484","485","und","3","468"
"node","text","0","485","486","und","0","404"
"node","text","0","485","486","und","1","419"
"node","text","0","486","487","und","0","441"
"node","text","0","486","487","und","1","152"
"node","text","0","486","487","und","2","278"
"node","text","0","486","487","und","3","373"
"node","text","0","489","490","und","0","161"
"node","text","0","489","490","und","1","372"
"node","text","0","489","490","und","2","459"
"node","text","0","489","490","und","3","460"
"node","text","0","489","490","und","4","37"
"node","text","0","489","490","und","5","24"
"node","text","0","490","491","und","0","479"
"node","text","0","490","491","und","1","484"
"node","text","0","490","491","und","2","331"
"node","text","0","490","491","und","3","278"
"node","text","0","491","492","und","0","239"
"node","text","0","491","492","und","1","290"
"node","text","0","491","492","und","2","152"
"node","text","0","491","492","und","3","441"
"node","text","0","491","492","und","4","486"
"node","text","0","491","492","und","5","116"
"node","text","0","492","493","und","0","485"
"node","text","0","492","493","und","1","404"
"node","text","0","492","493","und","2","419"
"node","text","0","493","494","und","0","468"
"node","text","0","493","494","und","1","156"
"node","text","0","493","494","und","2","466"
"node","text","0","493","494","und","3","52"
"node","text","0","493","494","und","4","228"
"node","text","0","494","495","und","0","485"
"node","text","0","494","495","und","1","492"
"node","text","0","496","497","und","0","444"
"node","text","0","496","497","und","1","449"
"node","text","0","496","497","und","2","478"
"node","text","0","496","497","und","3","147"
"node","text","0","496","497","und","4","95"
"node","video","0","497","498","und","0","218"
"node","video","0","497","498","und","1","249"
"node","video","0","497","498","und","2","290"
"node","video","0","497","498","und","3","394"
"node","video","0","498","499","und","0","468"
"node","video","0","498","499","und","1","63"
"node","video","0","498","499","und","2","388"
"node","video","0","498","499","und","3","340"
"node","text","0","499","500","und","0","478"
"node","text","0","499","500","und","1","147"
"node","text","0","499","500","und","2","496"
"node","text","0","499","500","und","3","95"
"node","text","0","500","501","und","0","314"
"node","text","0","500","501","und","1","52"
"node","video","0","501","502","und","0","478"
"node","video","0","501","502","und","1","499"
"node","video","0","501","502","und","2","147"
"node","video","0","501","502","und","3","496"
"node","video","0","502","503","und","0","492"
"node","video","0","502","503","und","1","485"
"node","video","0","502","503","und","2","494"
"node","video","0","503","504","und","0","497"
"node","text","0","504","505","und","0","320"
"node","text","0","504","505","und","1","355"
"node","text","0","504","505","und","2","263"
"node","text","0","504","505","und","3","249"
"node","text","0","504","505","und","4","307"
"node","text","0","505","506","und","0","405"
"node","text","0","505","506","und","1","84"
"node","text","0","505","506","und","2","236"
"node","text","0","506","507","und","0","391"
"node","text","0","506","507","und","1","243"
"node","text","0","506","507","und","2","74"
"node","text","0","506","507","und","3","418"
"node","text","0","507","508","und","0","472"
"node","text","0","507","508","und","1","424"
"node","text","0","507","508","und","2","503"
"node","text","0","507","508","und","3","434"
"node","text","0","507","508","und","4","466"
"node","text","0","508","509","und","0","200"
"node","text","0","508","509","und","1","419"
"node","text","0","508","509","und","2","468"
"node","text","0","508","509","und","3","404"
"node","text","0","509","510","und","0","219"
"node","text","0","509","510","und","1","88"
"node","text","0","509","510","und","2","109"
"node","text","0","510","511","und","0","505"
"node","text","0","510","511","und","1","210"
"node","text","0","510","511","und","2","463"
"node","text","0","510","511","und","3","395"
"node","text","0","511","512","und","0","388"
"node","text","0","511","512","und","1","468"
"node","text","0","511","512","und","2","464"
"node","text","0","511","512","und","3","365"
"node","text","0","511","512","und","4","340"
"node","video","0","512","513","und","0","503"
"node","video","0","512","513","und","1","497"
"node","text","0","513","514","und","0","296"
"node","text","0","513","514","und","1","236"
"node","text","0","513","514","und","2","458"
"node","text","0","514","515","und","0","469"
"node","text","0","514","515","und","1","296"
"node","text","0","514","515","und","2","513"
"node","text","0","514","515","und","3","338"
"node","text","0","515","516","und","0","468"
"node","text","0","515","516","und","1","365"
"node","text","0","515","516","und","2","388"
"node","text","0","515","516","und","3","364"
"node","text","0","515","516","und","4","511"
"node","video","0","516","517","und","0","499"
"node","video","0","516","517","und","1","501"
"node","video","0","516","517","und","2","512"
"node","text","0","517","518","und","0","290"
"node","text","0","517","518","und","1","286"
"node","text","0","517","518","und","2","503"
"node","text","0","517","518","und","3","320"
"node","text","0","517","518","und","4","466"
"node","text","0","517","518","und","5","339"
"node","text","0","517","518","und","6","472"
"node","text","0","518","519","und","0","380"
"node","text","0","518","519","und","1","383"
"node","text","0","518","519","und","2","24"
"node","text","0","518","519","und","3","384"
"node","text","0","518","519","und","4","234"
"node","text","0","519","520","und","0","518"
"node","text","0","519","520","und","1","73"
"node","text","0","519","520","und","2","24"
"node","text","0","519","520","und","3","427"
"node","text","0","519","520","und","4","379"
"node","text","0","520","521","und","0","196"
"node","text","0","521","522","und","0","265"
"node","link","0","522","523","und","0","480"
"node","link","0","522","523","und","1","398"
"node","link","0","522","523","und","2","355"
"node","link","0","522","523","und","3","351"
"node","text","0","523","524","und","0","302"
"node","text","0","523","524","und","1","247"
"node","text","0","523","524","und","2","301"
"node","text","0","524","525","und","0","63"
"node","text","0","524","525","und","1","508"
"node","text","0","524","525","und","2","248"
"node","text","0","525","526","und","0","421"
"node","text","0","525","526","und","1","81"
"node","text","0","525","526","und","2","249"
"node","text","0","525","526","und","3","289"
"node","text","0","526","527","und","0","500"
"node","text","0","526","527","und","1","412"
"node","text","0","526","527","und","2","314"
"node","text","0","526","527","und","3","456"
"node","text","0","527","528","und","0","359"
"node","text","0","527","528","und","1","504"
"node","text","0","527","528","und","2","247"
"node","text","0","528","529","und","0","352"
"node","text","0","529","530","und","0","247"
"node","text","0","529","530","und","1","302"
"node","text","0","529","530","und","2","504"
"node","text","0","529","530","und","3","527"
"node","text","0","530","531","und","0","365"
"node","text","0","530","531","und","1","396"
"node","text","0","530","531","und","2","500"
"node","text","0","531","532","und","0","278"
"node","text","0","531","532","und","1","338"
"node","text","0","531","532","und","2","363"
"node","text","0","531","532","und","3","189"
"node","text","0","531","532","und","4","200"
"node","text","0","532","533","und","0","372"
"node","text","0","532","533","und","1","444"
"node","text","0","532","533","und","2","147"
"node","text","0","532","533","und","3","351"
"node","text","0","533","534","und","0","479"
"node","text","0","533","534","und","1","365"
"node","text","0","533","534","und","2","519"
"node","text","0","533","534","und","3","518"
"node","text","0","534","535","und","0","520"
"node","text","0","534","535","und","1","196"
"node","text","0","535","536","und","0","456"
"node","text","0","535","536","und","1","412"
"node","text","0","536","537","und","0","331"
"node","text","0","536","537","und","1","479"
"node","text","0","537","538","und","0","355"
"node","text","0","537","538","und","1","111"
"node","text","0","537","538","und","2","398"
"node","text","0","537","538","und","3","480"
"node","text","0","538","539","und","0","517"
"node","text","0","538","539","und","1","469"
"node","text","0","539","540","und","0","336"
"node","text","0","539","540","und","1","338"
"node","text","0","540","541","und","0","424"
"node","text","0","540","541","und","1","466"
"node","text","0","540","541","und","2","503"
"node","text","0","540","541","und","3","339"
"node","text","0","541","542","und","0","341"
"node","text","0","542","543","und","0","512"
"node","text","0","542","543","und","1","290"
"node","text","0","542","543","und","2","263"
"node","text","0","542","543","und","3","373"
"node","text","0","543","544","und","0","327"
"node","text","0","543","544","und","1","315"
"node","text","0","543","544","und","2","232"
"node","text","0","544","545","und","0","243"
"node","text","0","544","545","und","1","388"
"node","text","0","544","545","und","2","468"
"node","text","0","544","545","und","3","498"
"node","text","0","544","545","und","4","340"
"node","text","0","544","545","und","5","365"
"node","video","0","545","546","und","0","530"
"node","text","0","547","549","und","0","363"
"node","text","0","547","549","und","1","348"
"node","text","0","547","549","und","2","425"
"node","text","0","548","550","und","0","218"
"node","text","0","548","550","und","1","290"
"node","text","0","548","550","und","2","249"
"node","text","0","548","550","und","3","371"
"node","text","0","548","550","und","4","542"
"node","text","0","549","551","und","0","301"
"node","text","0","549","551","und","1","302"
"node","text","0","549","551","und","2","396"
"node","text","0","549","551","und","3","540"
"node","text","0","549","551","und","4","529"
"node","text","0","550","552","und","0","517"
"node","text","0","550","552","und","1","153"
"node","text","0","550","552","und","2","351"
"node","text","0","550","552","und","3","320"
"node","text","0","550","552","und","4","233"
"node","text","0","551","553","und","0","278"
"node","text","0","551","553","und","1","363"
"node","text","0","551","553","und","2","338"
"node","text","0","551","553","und","3","371"
"node","text","0","551","553","und","4","189"
"node","text","0","552","554","und","0","384"
"node","text","0","552","554","und","1","380"
"node","text","0","552","554","und","2","101"
"node","text","0","552","554","und","3","467"
"node","text","0","552","554","und","4","273"
"node","text","0","555","557","und","0","283"
"node","text","0","555","557","und","1","383"
"node","text","0","555","557","und","2","73"
"node","text","0","555","557","und","3","518"
"node","text","0","556","558","und","0","63"
"node","text","0","557","559","und","0","114"
"node","text","0","557","559","und","1","115"
"node","text","0","557","559","und","2","441"
"node","text","0","557","559","und","3","152"
"node","text","0","558","560","und","0","473"
"node","text","0","558","560","und","1","167"
"node","text","0","558","560","und","2","386"
"node","text","0","559","561","und","0","371"
"node","text","0","559","561","und","1","373"
"node","text","0","561","563","und","0","290"
"node","text","0","561","563","und","1","548"
"node","text","0","561","563","und","2","574"
"node","text","0","561","563","und","3","471"
"node","text","0","561","563","und","4","398"
"node","text","0","570","572","und","0","437"
"node","text","0","570","572","und","1","471"
"node","text","0","570","572","und","2","440"
"node","text","0","570","572","und","3","425"
"node","text","0","571","573","und","0","73"
"node","text","0","572","574","und","0","524"
"node","text","0","572","574","und","1","551"
"node","text","0","573","575","und","0","556"
"node","text","0","574","576","und","0","570"
"node","text","0","574","576","und","1","471"
"node","text","0","574","576","und","2","440"
"node","text","0","574","576","und","3","425"
"node","text","0","574","576","und","4","437"
"node","text","0","575","577","und","0","468"
"node","text","0","575","577","und","1","544"
"node","text","0","575","577","und","2","388"
"node","text","0","575","577","und","3","365"
"node","text","0","576","578","und","0","504"
"node","text","0","576","578","und","1","544"
"node","text","0","576","578","und","2","468"
"node","text","0","576","578","und","3","364"
"node","text","0","576","578","und","4","388"
"node","text","0","576","578","und","5","247"
"node","text","0","577","579","und","0","544"
"node","text","0","577","579","und","1","554"
"node","text","0","577","579","und","2","428"
"node","text","0","577","579","und","3","468"
"node","text","0","577","579","und","4","364"
"node","text","0","578","580","und","0","384"
"node","text","0","578","580","und","1","382"
"node","text","0","578","580","und","2","519"
"node","text","0","578","580","und","3","24"
"node","text","0","578","580","und","4","109"
"node","text","0","579","581","und","0","578"
"node","text","0","579","581","und","1","380"
"node","text","0","579","581","und","2","519"
"node","text","0","579","581","und","3","383"
"node","text","0","580","582","und","0","247"
"node","text","0","580","582","und","1","359"
"node","text","0","580","582","und","2","504"
"node","text","0","580","582","und","3","228"
"node","text","0","581","583","und","0","578"
"node","text","0","581","583","und","1","380"
"node","text","0","581","583","und","2","519"
"node","text","0","581","583","und","3","518"
"node","text","0","583","585","und","0","283"
"node","text","0","583","585","und","1","383"
"node","text","0","583","585","und","2","571"
"node","text","0","583","585","und","3","555"
"node","text","0","583","585","und","4","578"
"node","text","0","583","585","und","5","254"
"node","text","0","584","586","und","0","577"
"node","text","0","584","586","und","1","554"
"node","text","0","584","586","und","2","428"
"node","text","0","585","587","und","0","585"
"node","text","0","585","587","und","1","215"
"node","text","0","585","587","und","2","540"
"node","text","0","585","587","und","3","76"
"node","text","0","585","587","und","4","420"
"node","video","0","586","588","und","0","389"
"node","video","0","586","588","und","1","109"
"node","video","0","586","588","und","2","219"
"node","video","0","586","588","und","3","201"
"node","text","0","588","590","und","0","491"
"node","text","0","588","590","und","1","290"
"node","text","0","588","590","und","2","517"
"node","text","0","589","591","und","0","341"
"node","text","0","589","591","und","1","342"
"node","text","0","589","591","und","2","306"
"node","text","0","590","592","und","0","397"
"node","text","0","590","592","und","1","443"
"node","text","0","590","592","und","2","253"
"node","text","0","590","592","und","3","243"
"node","text","0","591","593","und","0","573"
"node","text","0","591","593","und","1","556"
"node","text","0","591","593","und","2","189"
"node","text","0","591","593","und","3","221"
"node","text","0","594","596","und","0","359"
"node","text","0","594","596","und","1","552"
"node","text","0","594","596","und","2","578"
"node","text","0","594","596","und","3","570"
"node","text","0","594","596","und","4","468"
"node","text","0","597","599","und","0","584"
"node","text","0","597","599","und","1","598"
"node","text","0","598","600","und","0","597"
"node","text","0","598","600","und","1","584"
"node","text","0","599","601","und","0","323"
"node","text","0","599","601","und","1","359"
"node","text","0","600","602","und","0","542"
"node","text","0","600","602","und","1","548"
"node","text","0","600","602","und","2","394"
"node","text","0","600","602","und","3","561"
"node","text","0","600","602","und","4","247"
"node","text","0","601","603","und","0","421"
"node","text","0","601","603","und","1","81"
"node","text","0","601","603","und","2","289"
"node","text","0","601","603","und","3","249"
"node","text","0","602","604","und","0","396"
"node","text","0","602","604","und","1","414"
"node","text","0","605","607","und","0","570"
"node","text","0","605","607","und","1","594"
"node","text","0","605","607","und","2","404"
"node","text","0","605","607","und","3","551"
"node","text","0","605","607","und","4","363"
"node","text","0","606","608","und","0","359"
"node","text","0","606","608","und","1","247"
"node","text","0","606","608","und","2","580"
"node","text","0","606","608","und","3","576"
"node","video","0","607","609","und","0","290"
"node","video","0","607","609","und","1","263"
"node","video","0","607","609","und","2","263"
"node","video","0","607","609","und","3","154"
"node","video","0","607","609","und","4","561"
"node","text","0","608","610","und","0","243"
"node","text","0","608","610","und","1","271"
"node","text","0","608","610","und","2","418"
"node","text","0","609","611","und","0","468"
"node","text","0","609","611","und","1","544"
"node","text","0","609","611","und","2","576"
"node","text","0","609","611","und","3","388"
"node","text","0","610","612","und","0","544"
"node","text","0","610","612","und","1","388"
"node","text","0","610","612","und","2","340"
"node","text","0","612","614","und","0","597"
"node","text","0","615","617","und","0","597"
"node","text","0","617","619","und","0","612"
"node","text","0","617","619","und","1","597"
"node","text","0","617","619","und","2","615"
"node","text","0","617","619","und","3","598"
"node","text","0","619","621","und","0","602"
"node","text","0","619","621","und","1","597"
"node","text","0","619","621","und","2","615"
"node","text","0","619","621","und","3","612"
"node","text","0","619","621","und","4","617"
"node","text","0","620","622","und","0","86"
"node","text","0","620","622","und","1","601"
"node","text","0","621","623","und","0","412"
"node","text","0","621","623","und","1","389"
"node","text","0","622","624","und","0","249"
"node","text","0","622","624","und","1","291"
"node","text","0","622","624","und","2","371"
"node","text","0","622","624","und","3","559"
"node","text","0","623","625","und","0","154"
"node","text","0","623","625","und","1","426"
"node","text","0","623","625","und","2","483"
"node","text","0","623","625","und","3","290"
"node","text","0","624","626","und","0","519"
"node","text","0","624","626","und","1","383"
"node","text","0","624","626","und","2","518"
"node","text","0","628","630","und","0","468"
"node","text","0","628","630","und","1","427"
"node","text","0","628","630","und","2","419"
"node","text","0","628","630","und","3","382"
"node","text","0","630","632","und","0","383"
"node","text","0","630","632","und","1","427"
"node","text","0","630","632","und","2","518"
"node","text","0","631","633","und","0","395"
"node","text","0","631","633","und","1","578"
"node","text","0","631","633","und","2","346"
"node","text","0","631","633","und","3","150"
"node","text","0","632","634","und","0","290"
"node","text","0","632","634","und","1","307"
"node","text","0","632","634","und","2","351"
"node","text","0","632","634","und","3","517"
"node","text","0","633","635","und","0","586"
"node","text","0","634","636","und","0","364"
"node","text","0","634","636","und","1","544"
"node","text","0","634","636","und","2","388"
"node","text","0","634","636","und","3","576"
"node","text","0","636","638","und","0","363"
"node","text","0","636","638","und","1","278"
"node","text","0","638","640","und","0","109"
"node","text","0","638","640","und","1","219"
"node","text","0","638","640","und","2","198"
"node","text","0","638","640","und","3","484"
"node","text","0","639","641","und","0","415"
"node","text","0","639","641","und","1","25"
"node","text","0","639","641","und","2","420"
"node","text","0","639","641","und","3","406"
"node","text","0","639","641","und","4","212"
"node","text","0","640","642","und","0","70"
"node","text","0","640","642","und","1","67"
"node","text","0","643","645","und","0","404"
"node","text","0","643","645","und","1","195"
"node","text","0","643","645","und","2","189"
"node","text","0","647","649","und","0","652"
"node","text","0","647","649","und","1","348"
"node","text","0","647","649","und","2","351"
"node","text","0","648","650","und","0","643"
"node","text","0","648","650","und","1","650"
"node","text","0","649","651","und","0","388"
"node","text","0","649","651","und","1","364"
"node","text","0","649","651","und","2","241"
"node","text","0","649","651","und","3","465"
"node","text","0","649","651","und","4","421"
"node","text","0","651","653","und","0","444"
"node","text","0","651","653","und","1","449"
"node","text","0","651","653","und","2","417"
"node","text","0","651","653","und","3","195"
"node","text","0","652","654","und","0","532"
"node","text","0","652","654","und","1","425"
"node","text","0","652","654","und","2","450"
"node","text","0","652","654","und","3","602"
"node","text","0","652","654","und","4","396"
"node","text","0","652","654","und","5","363"
"node","text","0","654","656","und","0","576"
"node","text","0","654","656","und","1","247"
"node","text","0","654","656","und","2","606"
"node","text","0","654","656","und","3","504"
"node","text","0","654","656","und","4","580"
"node","text","0","655","657","und","0","514"
"node","text","0","655","657","und","1","559"
"node","text","0","656","658","und","0","364"
"node","text","0","656","658","und","1","388"
"node","text","0","656","658","und","2","372"
"node","text","0","657","659","und","0","646"
"node","text","0","657","659","und","1","652"
"node","text","0","657","659","und","2","450"
"node","text","0","658","660","und","0","253"
"node","text","0","658","660","und","1","578"
"node","text","0","658","660","und","2","352"
"node","text","0","659","661","und","0","594"
"node","text","0","660","662","und","0","285"
"node","text","0","660","662","und","1","463"
"node","text","0","662","664","und","0","249"
"node","text","0","662","664","und","1","166"
"node","text","0","662","664","und","2","354"
"node","text","0","662","664","und","3","664"
"node","audio","0","663","665","und","0","662"
"node","audio","0","663","665","und","1","622"
"node","text","0","664","666","und","0","81"
"node","text","0","664","666","und","1","290"
"node","text","0","664","666","und","2","647"
"node","text","0","664","666","und","3","398"
"node","text","0","665","667","und","0","492"
"node","text","0","666","668","und","0","441"
"node","text","0","666","668","und","1","290"
"node","text","0","666","668","und","2","491"
"node","text","0","666","668","und","3","550"
"node","text","0","667","669","und","0","389"
"node","text","0","667","669","und","1","578"
"node","text","0","667","669","und","2","67"
"node","text","0","669","671","und","0","256"
"node","text","0","669","671","und","1","249"
"node","text","0","669","671","und","2","418"
"node","text","0","670","672","und","0","388"
"node","text","0","670","672","und","1","468"
"node","video","0","671","673","und","0","307"
"node","video","0","671","673","und","1","290"
"node","video","0","671","673","und","2","351"
"node","video","0","671","673","und","3","111"
"node","text","0","672","674","und","0","632"
"node","text","0","672","674","und","1","662"
"node","text","0","672","674","und","2","517"
"node","text","0","672","674","und","3","467"
"node","text","0","673","676","und","0","608"
"node","text","0","673","676","und","1","391"
"node","text","0","673","676","und","2","418"
"node","text","0","674","677","und","0","673"
"node","text","0","674","677","und","1","418"
"node","text","0","674","677","und","2","391"
"node","text","0","674","677","und","3","352"
"node","text","0","675","678","und","0","415"
"node","text","0","675","678","und","1","388"
"node","text","0","675","678","und","2","544"
"node","text","0","676","679","und","0","398"
"node","text","0","676","679","und","1","647"
"node","text","0","676","679","und","2","218"
"node","text","0","676","679","und","3","394"
"node","text","0","677","680","und","0","574"
"node","text","0","677","680","und","1","396"
"node","text","0","677","680","und","2","437"
"node","text","0","677","680","und","3","440"
"node","text","0","677","680","und","4","210"
"node","text","0","680","683","und","0","658"
"node","text","0","680","683","und","1","608"
"node","text","0","680","683","und","2","418"
"node","video","0","681","684","und","0","662"
"node","text","0","685","688","und","0","675"
"node","text","0","686","689","und","0","648"
"node","text","0","687","691","und","0","25"
"node","text","0","687","691","und","1","681"
"node","text","0","687","691","und","2","639"
"node","text","0","687","691","und","3","662"
"node","text","0","688","692","und","0","397"
"node","text","0","688","692","und","1","243"
"node","text","0","688","692","und","2","443"
"node","text","0","690","694","und","0","373"
"node","text","0","690","694","und","1","176"
"node","text","0","690","694","und","2","580"
"node","text","0","690","694","und","3","272"
"node","text","0","692","696","und","0","577"
"node","text","0","692","696","und","1","554"
"node","text","0","692","696","und","2","584"
"node","text","0","695","699","und","0","594"
"node","text","0","695","699","und","1","468"
"node","text","0","696","700","und","0","340"
"node","text","0","696","700","und","1","544"
"node","text","0","696","700","und","2","388"
"node","text","0","697","701","und","0","670"
"node","text","0","697","701","und","1","508"
"node","text","0","697","701","und","2","696"
"node","text","0","698","702","und","0","513"
"node","text","0","698","702","und","1","296"
"node","text","0","698","702","und","2","338"
"node","text","0","699","703","und","0","647"
"node","text","0","699","703","und","1","398"
"node","text","0","699","703","und","2","537"
"node","text","0","699","703","und","3","671"
"node","text","0","700","704","und","0","681"
"node","text","0","700","704","und","1","291"
"node","text","0","700","704","und","2","663"
"node","text","0","700","704","und","3","249"
"node","text","0","701","705","und","0","359"
"node","text","0","701","705","und","1","659"
"node","text","0","701","705","und","2","594"
"node","video","0","703","707","und","0","85"
"node","video","0","703","707","und","1","704"
"node","video","0","704","708","und","0","703"
"node","video","0","704","708","und","1","85"
"node","video","0","709","713","und","0","703"
"node","video","0","709","713","und","1","704"
"node","video","0","709","713","und","2","85"
"node","text","0","710","714","und","0","601"
"node","text","0","710","714","und","1","247"
"node","text","0","710","714","und","2","620"
"node","text","0","711","715","und","0","699"
"node","text","0","711","715","und","1","647"
"node","text","0","711","715","und","2","623"
"node","text","0","712","716","und","0","578"
"node","text","0","712","716","und","1","667"
"node","text","0","712","716","und","2","67"
"node","text","0","713","717","und","0","23"
"node","text","0","714","718","und","0","700"
"node","text","0","714","718","und","1","218"
"node","text","0","714","718","und","2","542"
"node","text","0","714","718","und","3","661"
"node","text","0","715","719","und","0","247"
"node","text","0","715","719","und","1","247"
"node","text","0","715","719","und","2","606"
"node","text","0","716","720","und","0","715"
"node","text","0","716","720","und","1","247"
"node","text","0","717","721","und","0","201"
"node","text","0","717","721","und","1","295"
"node","audio","0","718","722","und","0","661"
"node","text","0","719","723","und","0","397"
"node","text","0","719","723","und","1","443"
"node","text","0","719","723","und","2","243"
"node","text","0","719","723","und","3","475"
"node","text","0","719","723","und","4","253"
"node","text","0","720","724","und","0","195"
"node","text","0","720","724","und","1","189"
"node","text","0","721","725","und","0","578"
"node","text","0","721","725","und","1","352"
"node","text","0","723","727","und","0","477"
"node","text","0","724","728","und","0","265"
"node","text","0","725","729","und","0","405"
"node","text","0","725","729","und","1","442"
"node","text","0","726","730","und","0","406"
"node","text","0","726","730","und","1","639"
"node","text","0","726","730","und","2","211"
"node","text","0","727","731","und","0","513"
"node","text","0","727","731","und","1","514"
"node","text","0","728","732","und","0","536"
"node","text","0","728","732","und","1","331"
"node","text","0","728","732","und","2","598"
"node","text","0","730","734","und","0","696"
"node","text","0","730","734","und","1","388"
"node","text","0","730","734","und","2","340"
"node","text","0","730","734","und","3","544"
"node","text","0","731","735","und","0","646"
"node","text","0","731","735","und","1","652"
"node","text","0","731","735","und","2","425"
"node","text","0","731","735","und","3","450"
"node","text","0","733","737","und","0","659"
"node","text","0","733","737","und","1","701"
"node","text","0","733","737","und","2","594"
"node","text","0","740","744","und","0","731"
"node","text","0","741","745","und","0","689"
"node","text","0","741","745","und","1","633"
"node","text","0","741","745","und","2","583"
"node","text","0","742","746","und","0","731"
"node","text","0","742","746","und","1","740"
"node","text","0","743","747","und","0","723"
"node","text","0","743","747","und","1","477"
"node","text","0","744","748","und","0","731"
"node","text","0","744","748","und","1","742"
"node","text","0","744","748","und","2","351"
"node","audio","0","745","749","und","0","406"
"node","audio","0","745","749","und","1","25"
"node","audio","0","745","749","und","2","415"
"node","text","0","746","750","und","0","735"
"node","text","0","750","754","und","0","383"
"node","text","0","750","754","und","1","630"
"node","text","0","750","754","und","2","571"
"node","text","0","751","755","und","0","388"
"node","text","0","751","755","und","1","713"
"node","text","0","751","755","und","2","685"
"node","text","0","752","756","und","0","70"
"node","text","0","752","756","und","1","640"
"node","text","0","752","756","und","2","67"
"node","text","0","754","758","und","0","477"
"node","text","0","754","758","und","1","752"
"node","text","0","754","758","und","2","67"
"node","text","0","759","763","und","0","554"
"node","text","0","759","763","und","1","692"
"node","text","0","759","763","und","2","584"
"node","text","0","759","763","und","3","577"
"node","text","0","759","763","und","4","428"
"node","text","0","761","765","und","0","636"
"node","text","0","762","766","und","0","372"
"node","text","0","763","767","und","0","93"
"node","text","0","763","767","und","1","667"
"node","text","0","763","767","und","2","88"
"node","text","0","765","769","und","0","647"
"node","text","0","765","769","und","1","671"
"node","text","0","765","769","und","2","398"
"node","text","0","765","769","und","3","537"
"node","text","0","765","769","und","4","111"
"node","text","0","766","770","und","0","709"
"node","text","0","766","770","und","1","703"
"node","text","0","766","770","und","2","704"
"node","text","0","767","771","und","0","703"
"node","text","0","767","771","und","1","704"
"node","text","0","767","771","und","2","709"
"node","text","0","769","773","und","0","668"
"node","text","0","769","773","und","1","718"
"node","text","0","769","773","und","2","366"
"node","text","0","769","773","und","3","692"
"node","text","0","770","774","und","0","726"
"node","text","0","770","774","und","1","25"
"node","text","0","770","774","und","2","639"
"node","text","0","771","775","und","0","519"
"node","text","0","771","775","und","1","728"
"node","text","0","771","775","und","2","581"
"node","text","0","771","775","und","3","331"
"node","text","0","772","776","und","0","477"
"node","text","0","772","776","und","1","754"
"node","text","0","774","778","und","0","536"
"node","text","0","774","778","und","1","519"
"node","text","0","775","779","und","0","425"
"node","text","0","775","779","und","1","450"
"node","text","0","778","782","und","0","721"
"node","text","0","778","782","und","1","578"
"node","text","0","780","784","und","0","198"
"node","text","0","780","784","und","1","484"
"node","text","0","781","785","und","0","759"
"node","text","0","782","786","und","0","183"
"node","text","0","782","786","und","1","606"
"node","text","0","782","786","und","2","247"
"node","text","0","784","788","und","0","792"
"node","text","0","784","788","und","1","785"
"node","text","0","784","788","und","2","786"
"node","text","0","786","790","und","0","518"
"node","text","0","786","790","und","1","427"
"node","text","0","786","790","und","2","383"
"node","text","0","787","791","und","0","526"
"node","text","0","787","791","und","1","535"
"node","text","0","787","791","und","2","412"
"node","text","0","787","791","und","3","456"
"node","text","0","788","792","und","0","647"
"node","text","0","788","792","und","1","537"
"node","text","0","788","792","und","2","671"
"node","text","0","788","792","und","3","398"
"node","text","0","789","793","und","0","358"
"node","text","0","789","793","und","1","667"
"node","text","0","789","793","und","2","389"
"node","text","0","790","794","und","0","359"
"node","text","0","790","794","und","1","527"
"node","text","0","790","794","und","2","576"
"node","text","0","790","794","und","3","779"
"node","text","0","791","795","und","0","241"
"node","text","0","791","795","und","1","109"
"node","text","0","793","797","und","0","793"
"node","text","0","793","797","und","1","506"
"node","text","0","794","798","und","0","778"
"node","text","0","794","798","und","1","721"
"node","text","0","796","800","und","0","667"
"node","text","0","796","800","und","1","578"
"node","text","0","796","800","und","2","339"
"node","text","0","796","800","und","3","219"
"node","text","0","798","802","und","0","793"
"node","text","0","799","803","und","0","388"
"node","text","0","799","803","und","1","730"
"node","text","0","799","803","und","2","198"
"node","text","0","799","803","und","3","780"
"node","text","0","800","804","und","0","785"
"node","text","0","800","804","und","1","792"
"node","text","0","800","804","und","2","792"
"node","text","0","801","805","und","0","721"
"node","text","0","801","805","und","1","778"
"node","text","0","802","806","und","0","786"
"node","text","0","802","806","und","1","785"
"node","text","0","803","807","und","0","793"
"node","text","0","803","807","und","1","73"
"node","text","0","803","807","und","2","578"
"node","text","0","803","807","und","3","518"
"node","text","0","804","808","und","0","778"
"node","text","0","804","808","und","1","794"
"node","text","0","804","808","und","2","792"
"node","text","0","804","808","und","3","714"
"node","text","0","805","809","und","0","792"
"node","text","0","805","809","und","1","773"
"node","text","0","805","809","und","2","802"
"node","text","0","805","809","und","3","804"
"node","text","0","809","813","und","0","778"
"node","text","0","809","813","und","1","721"
"node","text","0","809","813","und","2","794"
"node","text","0","810","814","und","0","792"
"node","text","0","810","814","und","1","785"
"node","text","0","810","814","und","2","786"
"node","text","0","811","815","und","0","524"
"node","text","0","811","815","und","1","572"
"node","text","0","812","816","und","0","813"
"node","text","0","813","817","und","0","690"
"node","text","0","813","817","und","1","272"
"node","text","0","813","817","und","2","786"
"node","text","0","813","817","und","3","804"
"node","text","0","817","821","und","0","680"
"node","text","0","817","821","und","1","391"
"node","text","0","817","821","und","2","210"
"node","text","0","818","822","und","0","792"
"node","text","0","818","822","und","1","773"
"node","text","0","818","822","und","2","813"
"node","text","0","818","822","und","3","816"
"node","text","0","819","823","und","0","785"
"node","text","0","819","823","und","1","802"
"node","text","0","819","823","und","2","805"
"node","text","0","820","824","und","0","799"
"node","text","0","821","825","und","0","663"
"node","text","0","821","825","und","1","726"
"node","text","0","821","825","und","2","819"
"node","text","0","821","825","und","3","780"
"node","text","0","823","827","und","0","759"
"node","text","0","823","827","und","1","554"
"node","text","0","823","827","und","2","577"
"node","text","0","823","827","und","3","692"
"node","text","0","824","828","und","0","816"
"node","text","0","824","828","und","1","786"
"node","text","0","824","828","und","2","785"
"node","text","0","824","828","und","3","819"
"node","text","0","824","828","und","4","818"
"node","text","0","824","828","und","5","802"
"node","text","0","827","831","und","0","754"
"node","text","0","827","831","und","1","477"
"node","text","0","828","832","und","0","352"
"node","text","0","828","832","und","1","578"
"node","text","0","829","833","und","0","812"
"node","text","0","829","833","und","1","689"
"node","text","0","829","833","und","2","383"
"node","text","0","830","834","und","0","667"
"node","text","0","830","834","und","1","466"
"node","text","0","832","836","und","0","513"
"node","text","0","832","836","und","1","296"
"node","text","0","832","836","und","2","733"
"node","text","0","833","837","und","0","721"
"node","text","0","833","837","und","1","794"
"node","text","0","833","837","und","2","827"
"node","text","0","834","838","und","0","307"
"node","text","0","834","838","und","1","647"
"node","text","0","834","838","und","2","699"
"node","text","0","834","838","und","3","398"
"node","text","0","835","839","und","0","812"
"node","text","0","835","839","und","1","802"
"node","text","0","835","839","und","2","819"
"node","text","0","835","839","und","3","785"
"node","text","0","835","839","und","4","786"
"node","text","0","837","841","und","0","785"
"node","text","0","837","841","und","1","792"
"node","text","0","837","841","und","2","835"
"node","text","0","837","841","und","3","812"
"node","text","0","839","843","und","0","773"
"node","text","0","839","843","und","1","805"
"node","text","0","839","843","und","2","804"
"node","text","0","839","843","und","3","837"
"node","text","0","840","844","und","0","694"
"node","text","0","840","844","und","1","466"
"node","text","0","840","844","und","2","434"
"node","text","0","841","845","und","0","832"
"node","text","0","842","846","und","0","832"
"node","text","0","842","846","und","1","841"
"node","text","0","843","847","und","0","213"
"node","text","0","844","848","und","0","837"
"node","text","0","844","848","und","1","785"
"node","text","0","844","848","und","2","835"
"node","text","0","844","848","und","3","819"
"node","text","0","845","849","und","0","388"
"node","text","0","845","849","und","1","340"
"node","text","0","845","849","und","2","730"
"node","text","0","846","850","und","0","830"
"node","text","0","846","850","und","1","837"
"node","text","0","847","851","und","0","830"
"node","text","0","847","851","und","1","837"
"node","text","0","849","853","und","0","830"
"node","text","0","849","853","und","1","847"
"node","text","0","849","853","und","2","846"
"node","text","0","850","854","und","0","700"
"node","text","0","851","855","und","0","574"
"node","text","0","851","855","und","1","437"
"node","text","0","851","855","und","2","471"
"node","text","0","851","855","und","3","425"
"node","text","0","852","856","und","0","849"
"node","text","0","853","857","und","0","730"
"node","text","0","853","857","und","1","544"
"node","text","0","853","857","und","2","388"
"node","text","0","854","858","und","0","849"
"node","text","0","854","858","und","1","852"
"node","text","0","855","859","und","0","559"
"node","text","0","855","859","und","1","371"
"node","text","0","856","860","und","0","835"
"node","text","0","856","860","und","1","819"
"node","text","0","856","860","und","2","837"
"node","text","0","856","860","und","3","835"
"node","text","0","856","860","und","4","773"
"node","text","0","857","861","und","0","215"
"node","text","0","857","861","und","1","558"
"node","text","0","857","861","und","2","540"
"node","text","0","858","862","und","0","849"
"node","text","0","858","862","und","1","852"
"node","text","0","858","862","und","2","854"
"node","text","0","859","863","und","0","795"
"node","text","0","859","863","und","1","484"
"node","text","0","860","864","und","0","849"
"node","text","0","860","864","und","1","854"
"node","text","0","860","864","und","2","858"
"node","text","0","860","864","und","3","852"
"node","text","0","861","865","und","0","249"
"node","text","0","861","865","und","1","218"
"node","text","0","862","866","und","0","849"
"node","text","0","862","866","und","1","854"
"node","text","0","862","866","und","2","860"
"node","text","0","862","866","und","3","858"
"node","text","0","862","866","und","4","852"
"node","text","0","863","867","und","0","849"
"node","text","0","863","867","und","1","854"
"node","text","0","863","867","und","2","858"
"node","text","0","863","867","und","3","852"
"node","text","0","863","867","und","4","860"
"node","text","0","864","868","und","0","860"
"node","text","0","864","868","und","1","854"
"node","text","0","864","868","und","2","849"
"node","text","0","864","868","und","3","858"
"node","text","0","864","868","und","4","852"
"node","text","0","865","869","und","0","820"
"node","text","0","865","869","und","1","809"
"node","text","0","865","869","und","2","363"
"node","text","0","866","870","und","0","849"
"node","text","0","866","870","und","1","854"
"node","text","0","866","870","und","2","863"
"node","text","0","867","871","und","0","849"
"node","text","0","867","871","und","1","854"
"node","text","0","867","871","und","2","858"
"node","text","0","867","871","und","3","860"
"node","text","0","867","871","und","4","852"
"node","text","0","868","872","und","0","601"
"node","text","0","868","872","und","1","81"
"node","text","0","868","872","und","2","729"
"node","text","0","868","872","und","3","660"
"node","text","0","869","873","und","0","828"
"node","text","0","869","873","und","1","578"
"node","text","0","869","873","und","2","518"
"node","text","0","870","874","und","0","271"
"node","text","0","871","875","und","0","817"
"node","text","0","871","875","und","1","37"
"node","text","0","871","875","und","2","873"
"node","text","0","872","876","und","0","819"
"node","text","0","872","876","und","1","198"
"node","text","0","872","876","und","2","780"
"node","text","0","873","877","und","0","871"
"node","text","0","873","877","und","1","817"
"node","text","0","874","878","und","0","340"
"node","text","0","874","878","und","1","730"
"node","text","0","874","878","und","2","544"
"node","text","0","876","880","und","0","849"
"node","text","0","876","880","und","1","852"
"node","text","0","876","880","und","2","858"
"node","text","0","877","881","und","0","871"
"node","text","0","877","881","und","1","817"
"node","text","0","877","881","und","2","873"
"node","text","0","878","882","und","0","873"
"node","text","0","878","882","und","1","877"
"node","text","0","878","882","und","2","721"
"node","text","0","879","883","und","0","813"
"node","text","0","879","883","und","1","297"
"node","text","0","879","883","und","2","819"
"node","text","0","879","883","und","3","198"
"node","text","0","879","883","und","4","780"
"node","text","0","880","884","und","0","847"
"node","text","0","880","884","und","1","849"
"node","text","0","880","884","und","2","854"
"node","text","0","880","884","und","3","864"
"node","text","0","880","884","und","4","867"
"node","text","0","881","885","und","0","837"
"node","text","0","881","885","und","1","785"
"node","text","0","881","885","und","2","792"
"node","text","0","881","885","und","3","786"
"node","text","0","881","885","und","4","871"
"node","text","0","882","886","und","0","837"
"node","text","0","882","886","und","1","871"
"node","text","0","882","886","und","2","841"
"node","text","0","882","886","und","3","792"
"node","text","0","882","886","und","4","835"
"node","text","0","883","887","und","0","837"
"node","text","0","883","887","und","1","792"
"node","text","0","883","887","und","2","835"
"node","text","0","883","887","und","3","871"
"node","text","0","883","887","und","4","819"
"node","text","0","884","888","und","0","837"
"node","text","0","884","888","und","1","792"
"node","text","0","884","888","und","2","871"
"node","text","0","884","888","und","3","841"
"node","text","0","884","888","und","4","785"
"node","text","0","885","889","und","0","792"
"node","text","0","885","889","und","1","819"
"node","text","0","885","889","und","2","835"
"node","text","0","885","889","und","3","871"
"node","text","0","885","889","und","4","837"
"node","text","0","886","890","und","0","837"
"node","text","0","886","890","und","1","792"
"node","text","0","886","890","und","2","871"
"node","text","0","886","890","und","3","819"
"node","text","0","886","890","und","4","841"
"node","text","0","888","892","und","0","871"
"node","text","0","888","892","und","1","721"
"node","text","0","888","892","und","2","794"
"node","text","0","889","893","und","0","849"
"node","text","0","889","893","und","1","854"
"node","text","0","889","893","und","2","867"
"node","text","0","889","893","und","3","858"
"node","text","0","889","893","und","4","860"
"node","text","0","889","893","und","5","852"
"node","text","0","891","895","und","0","892"
"node","text","0","892","896","und","0","891"
"node","text","0","892","896","und","1","879"
"node","text","0","893","897","und","0","894"
"node","text","0","894","898","und","0","893"
"node","text","0","895","899","und","0","232"
"node","text","0","895","899","und","1","315"
"node","text","0","896","900","und","0","897"
"node","text","0","896","900","und","1","725"
"node","text","0","896","900","und","2","37"
"node","text","0","896","900","und","3","873"
"node","text","0","897","901","und","0","871"
"node","text","0","897","901","und","1","885"
"node","text","0","897","901","und","2","888"
"node","text","0","898","902","und","0","617"
"node","text","0","898","902","und","1","612"
"node","text","0","899","903","und","0","892"
"node","text","0","899","903","und","1","891"
"node","text","0","900","904","und","0","778"
"node","text","0","900","904","und","1","801"
"node","text","0","900","904","und","2","827"
"node","text","0","900","904","und","3","858"
"node","text","0","901","905","und","0","583"
"node","text","0","901","905","und","1","624"
"node","text","0","902","906","und","0","889"
"node","text","0","902","906","und","1","864"
"node","text","0","903","907","und","0","308"
"node","text","0","903","907","und","1","461"
"node","text","0","903","907","und","2","646"
"node","text","0","904","908","und","0","891"
"node","text","0","905","909","und","0","730"
"node","text","0","905","909","und","1","340"
"node","text","0","905","909","und","2","544"
"node","text","0","906","910","und","0","69"
"node","text","0","907","911","und","0","898"
"node","text","0","908","912","und","0","871"
"node","text","0","908","912","und","1","885"
"node","text","0","908","912","und","2","835"
"node","text","0","908","912","und","3","792"
"node","text","0","909","913","und","0","578"
"node","text","0","909","913","und","1","778"
"node","text","0","910","914","und","0","893"
"node","text","0","911","915","und","0","847"
"node","text","0","911","915","und","1","864"
"node","text","0","912","916","und","0","890"
"node","text","0","912","916","und","1","522"
"node","text","0","912","916","und","2","468"
"node","text","0","913","917","und","0","864"
"node","text","0","913","917","und","1","911"
"node","text","0","914","918","und","0","893"
"node","text","0","914","918","und","1","910"
"node","text","0","915","919","und","0","911"
"node","text","0","915","919","und","1","864"
"node","text","0","916","920","und","0","893"
"node","text","0","916","920","und","1","910"
"node","text","0","916","920","und","2","917"
"node","text","0","916","920","und","3","918"
"node","text","0","917","921","und","0","916"
"node","text","0","917","921","und","1","893"
"node","text","0","917","921","und","2","910"
"node","text","0","918","922","und","0","921"
"node","text","0","918","922","und","1","893"
"node","text","0","918","922","und","2","916"
"node","text","0","919","923","und","0","858"
"node","text","0","919","923","und","1","899"
"node","text","0","919","923","und","2","778"
"node","text","0","920","924","und","0","919"
"node","text","0","920","924","und","1","893"
"node","text","0","921","925","und","0","918"
"node","text","0","921","925","und","1","916"
"node","text","0","921","925","und","2","893"
"node","text","0","923","927","und","0","911"
"node","text","0","923","927","und","1","915"
"node","text","0","924","928","und","0","396"
"node","text","0","924","928","und","1","364"
"node","text","0","925","929","und","0","52"
"node","text","0","926","930","und","0","925"
"node","text","0","927","931","und","0","518"
"node","text","0","927","931","und","1","771"
"node","text","0","927","931","und","2","921"
"node","text","0","927","931","und","3","786"
"node","text","0","928","932","und","0","893"
"node","text","0","928","932","und","1","910"
"node","text","0","928","932","und","2","916"
"node","text","0","929","933","und","0","364"
"node","text","0","929","933","und","1","549"
"node","text","0","929","933","und","2","396"
"node","text","0","929","933","und","3","774"
"node","text","0","929","933","und","4","652"
"node","text","0","930","934","und","0","667"
"node","text","0","930","934","und","1","911"
"node","text","0","930","934","und","2","830"
"node","text","0","930","934","und","3","847"
"node","text","0","931","935","und","0","893"
"node","text","0","931","935","und","1","916"
"node","text","0","933","937","und","0","377"
"node","text","0","933","937","und","1","96"
"node","text","0","933","937","und","2","95"
"node","text","0","933","937","und","3","417"
"node","text","0","933","937","und","4","23"
"node","text","0","934","938","und","0","715"
"node","text","0","934","938","und","1","790"
"node","text","0","934","938","und","2","359"
"node","text","0","934","938","und","3","885"
"node","text","0","935","939","und","0","927"
"node","text","0","935","939","und","1","936"
"node","text","0","936","940","und","0","927"
"node","text","0","936","940","und","1","935"
"node","text","0","937","941","und","0","915"
"node","text","0","937","941","und","1","911"
"node","text","0","937","941","und","2","923"
"node","text","0","938","942","und","0","936"
"node","text","0","938","942","und","1","927"
"node","text","0","938","942","und","2","771"
"node","text","0","938","942","und","3","467"
"node","text","0","939","943","und","0","942"
"node","text","0","939","943","und","1","547"
"node","text","0","939","943","und","2","202"
"node","text","0","940","944","und","0","941"
"node","text","0","940","944","und","1","919"
"node","text","0","940","944","und","2","926"
"node","text","0","940","944","und","3","778"
"node","text","0","940","944","und","4","858"
"node","text","0","941","945","und","0","940"
"node","text","0","941","945","und","1","919"
"node","text","0","941","945","und","2","926"
"node","text","0","942","946","und","0","547"
"node","text","0","942","946","und","1","939"
"node","text","0","942","946","und","2","202"
"node","text","0","943","947","und","0","923"
"node","text","0","943","947","und","1","937"
"node","text","0","943","947","und","2","911"
"node","text","0","943","947","und","3","915"
"node","text","0","944","948","und","0","911"
"node","text","0","944","948","und","1","937"
"node","text","0","944","948","und","2","943"
"node","text","0","944","948","und","3","923"
"node","text","0","945","949","und","0","700"
"node","text","0","945","949","und","1","291"
"node","text","0","945","949","und","2","945"
"node","text","0","945","949","und","3","289"
"node","text","0","946","950","und","0","945"
"node","text","0","946","950","und","1","910"
"node","text","0","946","950","und","2","232"
"node","text","0","946","950","und","3","752"
"node","text","0","947","951","und","0","936"
"node","text","0","947","951","und","1","927"
"node","text","0","947","951","und","2","935"
"node","text","0","948","952","und","0","923"
"node","text","0","948","952","und","1","911"
"node","text","0","949","953","und","0","302"
"node","text","0","949","953","und","1","247"
"node","text","0","949","953","und","2","710"
"node","text","0","950","954","und","0","933"
"node","text","0","951","955","und","0","248"
"node","text","0","951","955","und","1","524"
"node","text","0","952","956","und","0","681"
"node","text","0","952","956","und","1","601"
"node","text","0","953","957","und","0","919"
"node","text","0","953","957","und","1","940"
"node","text","0","953","957","und","2","941"
"node","text","0","953","957","und","3","926"
"node","text","0","954","958","und","0","944"
"node","text","0","954","958","und","1","889"
"node","text","0","954","958","und","2","937"
"node","text","0","955","959","und","0","639"
"node","text","0","955","959","und","1","912"
"node","text","0","956","960","und","0","936"
"node","text","0","956","960","und","1","947"
"node","text","0","956","960","und","2","935"
"node","text","0","956","960","und","3","927"
"node","text","0","957","961","und","0","636"
"node","text","0","958","962","und","0","953"
"node","text","0","958","962","und","1","941"
"node","text","0","958","962","und","2","919"
"node","text","0","959","963","und","0","957"
"node","text","0","959","963","und","1","520"
"node","text","0","959","963","und","2","396"
"node","text","0","959","963","und","3","545"
"node","text","0","960","964","und","0","213"
"node","text","0","960","964","und","1","843"
"node","text","0","961","965","und","0","926"
"node","text","0","961","965","und","1","933"
"node","text","0","961","965","und","2","849"
"node","text","0","961","965","und","3","948"
"node","text","0","962","966","und","0","911"
"node","text","0","962","966","und","1","937"
"node","text","0","962","966","und","2","944"
"node","text","0","962","966","und","3","915"
"node","text","0","963","967","und","0","103"
"node","text","0","963","967","und","1","840"
"node","text","0","964","968","und","0","968"
"node","text","0","964","968","und","1","965"
"node","text","0","965","969","und","0","916"
"node","text","0","965","969","und","1","928"
"node","text","0","965","969","und","2","893"
"node","text","0","965","969","und","3","910"
"node","text","0","965","969","und","4","964"
"node","text","0","966","970","und","0","634"
"node","text","0","966","970","und","1","730"
"node","text","0","966","970","und","2","515"
"node","text","0","967","971","und","0","466"
"node","text","0","967","971","und","1","428"
"node","text","0","967","971","und","2","559"
"node","text","0","968","972","und","0","964"
"node","text","0","968","972","und","1","965"
